actualisation: forward -> 8 0	nouvelle position: (8 ; 0; 0)
actualisation: down -> 9 9	nouvelle position: (8 ; 0; 9)
actualisation: up -> 4 5	nouvelle position: (8 ; 0; 5)
actualisation: down -> 8 13	nouvelle position: (8 ; 0; 13)
actualisation: down -> 3 16	nouvelle position: (8 ; 0; 16)
actualisation: down -> 3 19	nouvelle position: (8 ; 0; 19)
actualisation: down -> 2 21	nouvelle position: (8 ; 0; 21)
actualisation: forward -> 1 21	nouvelle position: (9 ; 21; 21)
actualisation: forward -> 4 21	nouvelle position: (13 ; 105; 21)
actualisation: down -> 5 26	nouvelle position: (13 ; 105; 26)
actualisation: up -> 7 19	nouvelle position: (13 ; 105; 19)
actualisation: forward -> 1 19	nouvelle position: (14 ; 124; 19)
actualisation: down -> 1 20	nouvelle position: (14 ; 124; 20)
actualisation: down -> 6 26	nouvelle position: (14 ; 124; 26)
actualisation: down -> 9 35	nouvelle position: (14 ; 124; 35)
actualisation: down -> 5 40	nouvelle position: (14 ; 124; 40)
actualisation: forward -> 5 40	nouvelle position: (19 ; 324; 40)
actualisation: forward -> 6 40	nouvelle position: (25 ; 564; 40)
actualisation: forward -> 4 40	nouvelle position: (29 ; 724; 40)
actualisation: down -> 2 42	nouvelle position: (29 ; 724; 42)
actualisation: down -> 8 50	nouvelle position: (29 ; 724; 50)
actualisation: forward -> 3 50	nouvelle position: (32 ; 874; 50)
actualisation: down -> 5 55	nouvelle position: (32 ; 874; 55)
actualisation: forward -> 6 55	nouvelle position: (38 ; 1204; 55)
actualisation: up -> 7 48	nouvelle position: (38 ; 1204; 48)
actualisation: up -> 2 46	nouvelle position: (38 ; 1204; 46)
actualisation: forward -> 2 46	nouvelle position: (40 ; 1296; 46)
actualisation: forward -> 4 46	nouvelle position: (44 ; 1480; 46)
actualisation: forward -> 1 46	nouvelle position: (45 ; 1526; 46)
actualisation: up -> 8 38	nouvelle position: (45 ; 1526; 38)
actualisation: up -> 9 29	nouvelle position: (45 ; 1526; 29)
actualisation: down -> 8 37	nouvelle position: (45 ; 1526; 37)
actualisation: up -> 8 29	nouvelle position: (45 ; 1526; 29)
actualisation: up -> 6 23	nouvelle position: (45 ; 1526; 23)
actualisation: up -> 2 21	nouvelle position: (45 ; 1526; 21)
actualisation: down -> 7 28	nouvelle position: (45 ; 1526; 28)
actualisation: up -> 3 25	nouvelle position: (45 ; 1526; 25)
actualisation: forward -> 8 25	nouvelle position: (53 ; 1726; 25)
actualisation: forward -> 5 25	nouvelle position: (58 ; 1851; 25)
actualisation: down -> 8 33	nouvelle position: (58 ; 1851; 33)
actualisation: down -> 8 41	nouvelle position: (58 ; 1851; 41)
actualisation: forward -> 5 41	nouvelle position: (63 ; 2056; 41)
actualisation: down -> 3 44	nouvelle position: (63 ; 2056; 44)
actualisation: down -> 4 48	nouvelle position: (63 ; 2056; 48)
actualisation: down -> 5 53	nouvelle position: (63 ; 2056; 53)
actualisation: down -> 2 55	nouvelle position: (63 ; 2056; 55)
actualisation: up -> 7 48	nouvelle position: (63 ; 2056; 48)
actualisation: down -> 1 49	nouvelle position: (63 ; 2056; 49)
actualisation: forward -> 9 49	nouvelle position: (72 ; 2497; 49)
actualisation: forward -> 9 49	nouvelle position: (81 ; 2938; 49)
actualisation: up -> 6 43	nouvelle position: (81 ; 2938; 43)
actualisation: down -> 5 48	nouvelle position: (81 ; 2938; 48)
actualisation: up -> 1 47	nouvelle position: (81 ; 2938; 47)
actualisation: down -> 8 55	nouvelle position: (81 ; 2938; 55)
actualisation: up -> 1 54	nouvelle position: (81 ; 2938; 54)
actualisation: forward -> 2 54	nouvelle position: (83 ; 3046; 54)
actualisation: down -> 4 58	nouvelle position: (83 ; 3046; 58)
actualisation: down -> 5 63	nouvelle position: (83 ; 3046; 63)
actualisation: down -> 2 65	nouvelle position: (83 ; 3046; 65)
actualisation: up -> 7 58	nouvelle position: (83 ; 3046; 58)
actualisation: forward -> 9 58	nouvelle position: (92 ; 3568; 58)
actualisation: up -> 8 50	nouvelle position: (92 ; 3568; 50)
actualisation: down -> 3 53	nouvelle position: (92 ; 3568; 53)
actualisation: up -> 6 47	nouvelle position: (92 ; 3568; 47)
actualisation: down -> 2 49	nouvelle position: (92 ; 3568; 49)
actualisation: up -> 2 47	nouvelle position: (92 ; 3568; 47)
actualisation: forward -> 3 47	nouvelle position: (95 ; 3709; 47)
actualisation: up -> 1 46	nouvelle position: (95 ; 3709; 46)
actualisation: up -> 1 45	nouvelle position: (95 ; 3709; 45)
actualisation: forward -> 9 45	nouvelle position: (104 ; 4114; 45)
actualisation: down -> 3 48	nouvelle position: (104 ; 4114; 48)
actualisation: down -> 5 53	nouvelle position: (104 ; 4114; 53)
actualisation: up -> 7 46	nouvelle position: (104 ; 4114; 46)
actualisation: down -> 1 47	nouvelle position: (104 ; 4114; 47)
actualisation: up -> 5 42	nouvelle position: (104 ; 4114; 42)
actualisation: up -> 5 37	nouvelle position: (104 ; 4114; 37)
actualisation: up -> 7 30	nouvelle position: (104 ; 4114; 30)
actualisation: down -> 9 39	nouvelle position: (104 ; 4114; 39)
actualisation: down -> 3 42	nouvelle position: (104 ; 4114; 42)
actualisation: up -> 3 39	nouvelle position: (104 ; 4114; 39)
actualisation: forward -> 9 39	nouvelle position: (113 ; 4465; 39)
actualisation: forward -> 7 39	nouvelle position: (120 ; 4738; 39)
actualisation: up -> 9 30	nouvelle position: (120 ; 4738; 30)
actualisation: down -> 3 33	nouvelle position: (120 ; 4738; 33)
actualisation: down -> 2 35	nouvelle position: (120 ; 4738; 35)
actualisation: up -> 8 27	nouvelle position: (120 ; 4738; 27)
actualisation: forward -> 5 27	nouvelle position: (125 ; 4873; 27)
actualisation: forward -> 9 27	nouvelle position: (134 ; 5116; 27)
actualisation: down -> 5 32	nouvelle position: (134 ; 5116; 32)
actualisation: down -> 2 34	nouvelle position: (134 ; 5116; 34)
actualisation: down -> 9 43	nouvelle position: (134 ; 5116; 43)
actualisation: down -> 6 49	nouvelle position: (134 ; 5116; 49)
actualisation: down -> 6 55	nouvelle position: (134 ; 5116; 55)
actualisation: up -> 3 52	nouvelle position: (134 ; 5116; 52)
actualisation: forward -> 3 52	nouvelle position: (137 ; 5272; 52)
actualisation: up -> 6 46	nouvelle position: (137 ; 5272; 46)
actualisation: forward -> 9 46	nouvelle position: (146 ; 5686; 46)
actualisation: down -> 3 49	nouvelle position: (146 ; 5686; 49)
actualisation: down -> 2 51	nouvelle position: (146 ; 5686; 51)
actualisation: forward -> 6 51	nouvelle position: (152 ; 5992; 51)
actualisation: down -> 7 58	nouvelle position: (152 ; 5992; 58)
actualisation: down -> 2 60	nouvelle position: (152 ; 5992; 60)
actualisation: down -> 8 68	nouvelle position: (152 ; 5992; 68)
actualisation: forward -> 2 68	nouvelle position: (154 ; 6128; 68)
actualisation: forward -> 8 68	nouvelle position: (162 ; 6672; 68)
actualisation: forward -> 4 68	nouvelle position: (166 ; 6944; 68)
actualisation: forward -> 1 68	nouvelle position: (167 ; 7012; 68)
actualisation: up -> 6 62	nouvelle position: (167 ; 7012; 62)
actualisation: forward -> 2 62	nouvelle position: (169 ; 7136; 62)
actualisation: forward -> 8 62	nouvelle position: (177 ; 7632; 62)
actualisation: forward -> 5 62	nouvelle position: (182 ; 7942; 62)
actualisation: forward -> 4 62	nouvelle position: (186 ; 8190; 62)
actualisation: up -> 1 61	nouvelle position: (186 ; 8190; 61)
actualisation: down -> 8 69	nouvelle position: (186 ; 8190; 69)
actualisation: up -> 3 66	nouvelle position: (186 ; 8190; 66)
actualisation: forward -> 8 66	nouvelle position: (194 ; 8718; 66)
actualisation: forward -> 4 66	nouvelle position: (198 ; 8982; 66)
actualisation: up -> 6 60	nouvelle position: (198 ; 8982; 60)
actualisation: down -> 2 62	nouvelle position: (198 ; 8982; 62)
actualisation: forward -> 6 62	nouvelle position: (204 ; 9354; 62)
actualisation: forward -> 9 62	nouvelle position: (213 ; 9912; 62)
actualisation: down -> 2 64	nouvelle position: (213 ; 9912; 64)
actualisation: up -> 3 61	nouvelle position: (213 ; 9912; 61)
actualisation: forward -> 8 61	nouvelle position: (221 ; 10400; 61)
actualisation: down -> 6 67	nouvelle position: (221 ; 10400; 67)
actualisation: up -> 4 63	nouvelle position: (221 ; 10400; 63)
actualisation: down -> 7 70	nouvelle position: (221 ; 10400; 70)
actualisation: up -> 3 67	nouvelle position: (221 ; 10400; 67)
actualisation: forward -> 4 67	nouvelle position: (225 ; 10668; 67)
actualisation: down -> 8 75	nouvelle position: (225 ; 10668; 75)
actualisation: forward -> 5 75	nouvelle position: (230 ; 11043; 75)
actualisation: forward -> 1 75	nouvelle position: (231 ; 11118; 75)
actualisation: down -> 3 78	nouvelle position: (231 ; 11118; 78)
actualisation: forward -> 1 78	nouvelle position: (232 ; 11196; 78)
actualisation: forward -> 8 78	nouvelle position: (240 ; 11820; 78)
actualisation: down -> 3 81	nouvelle position: (240 ; 11820; 81)
actualisation: forward -> 4 81	nouvelle position: (244 ; 12144; 81)
actualisation: forward -> 2 81	nouvelle position: (246 ; 12306; 81)
actualisation: up -> 7 74	nouvelle position: (246 ; 12306; 74)
actualisation: forward -> 6 74	nouvelle position: (252 ; 12750; 74)
actualisation: forward -> 8 74	nouvelle position: (260 ; 13342; 74)
actualisation: forward -> 6 74	nouvelle position: (266 ; 13786; 74)
actualisation: down -> 5 79	nouvelle position: (266 ; 13786; 79)
actualisation: down -> 2 81	nouvelle position: (266 ; 13786; 81)
actualisation: down -> 8 89	nouvelle position: (266 ; 13786; 89)
actualisation: down -> 2 91	nouvelle position: (266 ; 13786; 91)
actualisation: down -> 9 100	nouvelle position: (266 ; 13786; 100)
actualisation: down -> 5 105	nouvelle position: (266 ; 13786; 105)
actualisation: down -> 3 108	nouvelle position: (266 ; 13786; 108)
actualisation: down -> 8 116	nouvelle position: (266 ; 13786; 116)
actualisation: up -> 1 115	nouvelle position: (266 ; 13786; 115)
actualisation: forward -> 1 115	nouvelle position: (267 ; 13901; 115)
actualisation: up -> 5 110	nouvelle position: (267 ; 13901; 110)
actualisation: up -> 1 109	nouvelle position: (267 ; 13901; 109)
actualisation: up -> 6 103	nouvelle position: (267 ; 13901; 103)
actualisation: up -> 3 100	nouvelle position: (267 ; 13901; 100)
actualisation: up -> 2 98	nouvelle position: (267 ; 13901; 98)
actualisation: forward -> 5 98	nouvelle position: (272 ; 14391; 98)
actualisation: forward -> 6 98	nouvelle position: (278 ; 14979; 98)
actualisation: down -> 4 102	nouvelle position: (278 ; 14979; 102)
actualisation: up -> 3 99	nouvelle position: (278 ; 14979; 99)
actualisation: up -> 9 90	nouvelle position: (278 ; 14979; 90)
actualisation: down -> 1 91	nouvelle position: (278 ; 14979; 91)
actualisation: forward -> 1 91	nouvelle position: (279 ; 15070; 91)
actualisation: forward -> 6 91	nouvelle position: (285 ; 15616; 91)
actualisation: down -> 9 100	nouvelle position: (285 ; 15616; 100)
actualisation: forward -> 5 100	nouvelle position: (290 ; 16116; 100)
actualisation: forward -> 3 100	nouvelle position: (293 ; 16416; 100)
actualisation: forward -> 2 100	nouvelle position: (295 ; 16616; 100)
actualisation: down -> 7 107	nouvelle position: (295 ; 16616; 107)
actualisation: down -> 5 112	nouvelle position: (295 ; 16616; 112)
actualisation: down -> 8 120	nouvelle position: (295 ; 16616; 120)
actualisation: forward -> 9 120	nouvelle position: (304 ; 17696; 120)
actualisation: forward -> 4 120	nouvelle position: (308 ; 18176; 120)
actualisation: down -> 2 122	nouvelle position: (308 ; 18176; 122)
actualisation: up -> 9 113	nouvelle position: (308 ; 18176; 113)
actualisation: down -> 1 114	nouvelle position: (308 ; 18176; 114)
actualisation: forward -> 5 114	nouvelle position: (313 ; 18746; 114)
actualisation: forward -> 1 114	nouvelle position: (314 ; 18860; 114)
actualisation: forward -> 9 114	nouvelle position: (323 ; 19886; 114)
actualisation: down -> 8 122	nouvelle position: (323 ; 19886; 122)
actualisation: forward -> 5 122	nouvelle position: (328 ; 20496; 122)
actualisation: down -> 8 130	nouvelle position: (328 ; 20496; 130)
actualisation: forward -> 3 130	nouvelle position: (331 ; 20886; 130)
actualisation: up -> 4 126	nouvelle position: (331 ; 20886; 126)
actualisation: down -> 7 133	nouvelle position: (331 ; 20886; 133)
actualisation: down -> 9 142	nouvelle position: (331 ; 20886; 142)
actualisation: forward -> 3 142	nouvelle position: (334 ; 21312; 142)
actualisation: forward -> 7 142	nouvelle position: (341 ; 22306; 142)
actualisation: down -> 9 151	nouvelle position: (341 ; 22306; 151)
actualisation: up -> 5 146	nouvelle position: (341 ; 22306; 146)
actualisation: up -> 7 139	nouvelle position: (341 ; 22306; 139)
actualisation: forward -> 8 139	nouvelle position: (349 ; 23418; 139)
actualisation: down -> 3 142	nouvelle position: (349 ; 23418; 142)
actualisation: down -> 9 151	nouvelle position: (349 ; 23418; 151)
actualisation: down -> 1 152	nouvelle position: (349 ; 23418; 152)
actualisation: forward -> 3 152	nouvelle position: (352 ; 23874; 152)
actualisation: down -> 1 153	nouvelle position: (352 ; 23874; 153)
actualisation: up -> 9 144	nouvelle position: (352 ; 23874; 144)
actualisation: forward -> 6 144	nouvelle position: (358 ; 24738; 144)
actualisation: down -> 9 153	nouvelle position: (358 ; 24738; 153)
actualisation: forward -> 1 153	nouvelle position: (359 ; 24891; 153)
actualisation: forward -> 5 153	nouvelle position: (364 ; 25656; 153)
actualisation: down -> 6 159	nouvelle position: (364 ; 25656; 159)
actualisation: up -> 7 152	nouvelle position: (364 ; 25656; 152)
actualisation: forward -> 9 152	nouvelle position: (373 ; 27024; 152)
actualisation: down -> 9 161	nouvelle position: (373 ; 27024; 161)
actualisation: forward -> 6 161	nouvelle position: (379 ; 27990; 161)
actualisation: down -> 3 164	nouvelle position: (379 ; 27990; 164)
actualisation: up -> 6 158	nouvelle position: (379 ; 27990; 158)
actualisation: up -> 2 156	nouvelle position: (379 ; 27990; 156)
actualisation: up -> 1 155	nouvelle position: (379 ; 27990; 155)
actualisation: up -> 9 146	nouvelle position: (379 ; 27990; 146)
actualisation: down -> 9 155	nouvelle position: (379 ; 27990; 155)
actualisation: forward -> 4 155	nouvelle position: (383 ; 28610; 155)
actualisation: forward -> 6 155	nouvelle position: (389 ; 29540; 155)
actualisation: up -> 7 148	nouvelle position: (389 ; 29540; 148)
actualisation: forward -> 2 148	nouvelle position: (391 ; 29836; 148)
actualisation: down -> 5 153	nouvelle position: (391 ; 29836; 153)
actualisation: forward -> 7 153	nouvelle position: (398 ; 30907; 153)
actualisation: down -> 5 158	nouvelle position: (398 ; 30907; 158)
actualisation: forward -> 4 158	nouvelle position: (402 ; 31539; 158)
actualisation: down -> 8 166	nouvelle position: (402 ; 31539; 166)
actualisation: up -> 3 163	nouvelle position: (402 ; 31539; 163)
actualisation: down -> 1 164	nouvelle position: (402 ; 31539; 164)
actualisation: forward -> 5 164	nouvelle position: (407 ; 32359; 164)
actualisation: down -> 5 169	nouvelle position: (407 ; 32359; 169)
actualisation: up -> 6 163	nouvelle position: (407 ; 32359; 163)
actualisation: down -> 6 169	nouvelle position: (407 ; 32359; 169)
actualisation: forward -> 4 169	nouvelle position: (411 ; 33035; 169)
actualisation: down -> 8 177	nouvelle position: (411 ; 33035; 177)
actualisation: down -> 6 183	nouvelle position: (411 ; 33035; 183)
actualisation: down -> 7 190	nouvelle position: (411 ; 33035; 190)
actualisation: down -> 9 199	nouvelle position: (411 ; 33035; 199)
actualisation: down -> 4 203	nouvelle position: (411 ; 33035; 203)
actualisation: forward -> 5 203	nouvelle position: (416 ; 34050; 203)
actualisation: down -> 8 211	nouvelle position: (416 ; 34050; 211)
actualisation: down -> 7 218	nouvelle position: (416 ; 34050; 218)
actualisation: forward -> 3 218	nouvelle position: (419 ; 34704; 218)
actualisation: forward -> 5 218	nouvelle position: (424 ; 35794; 218)
actualisation: up -> 8 210	nouvelle position: (424 ; 35794; 210)
actualisation: down -> 4 214	nouvelle position: (424 ; 35794; 214)
actualisation: down -> 1 215	nouvelle position: (424 ; 35794; 215)
actualisation: up -> 6 209	nouvelle position: (424 ; 35794; 209)
actualisation: up -> 9 200	nouvelle position: (424 ; 35794; 200)
actualisation: down -> 2 202	nouvelle position: (424 ; 35794; 202)
actualisation: down -> 2 204	nouvelle position: (424 ; 35794; 204)
actualisation: up -> 1 203	nouvelle position: (424 ; 35794; 203)
actualisation: up -> 7 196	nouvelle position: (424 ; 35794; 196)
actualisation: forward -> 1 196	nouvelle position: (425 ; 35990; 196)
actualisation: down -> 1 197	nouvelle position: (425 ; 35990; 197)
actualisation: down -> 4 201	nouvelle position: (425 ; 35990; 201)
actualisation: down -> 8 209	nouvelle position: (425 ; 35990; 209)
actualisation: forward -> 1 209	nouvelle position: (426 ; 36199; 209)
actualisation: forward -> 3 209	nouvelle position: (429 ; 36826; 209)
actualisation: down -> 8 217	nouvelle position: (429 ; 36826; 217)
actualisation: up -> 9 208	nouvelle position: (429 ; 36826; 208)
actualisation: forward -> 1 208	nouvelle position: (430 ; 37034; 208)
actualisation: down -> 6 214	nouvelle position: (430 ; 37034; 214)
actualisation: forward -> 3 214	nouvelle position: (433 ; 37676; 214)
actualisation: down -> 9 223	nouvelle position: (433 ; 37676; 223)
actualisation: down -> 2 225	nouvelle position: (433 ; 37676; 225)
actualisation: up -> 8 217	nouvelle position: (433 ; 37676; 217)
actualisation: forward -> 5 217	nouvelle position: (438 ; 38761; 217)
actualisation: up -> 1 216	nouvelle position: (438 ; 38761; 216)
actualisation: forward -> 9 216	nouvelle position: (447 ; 40705; 216)
actualisation: down -> 4 220	nouvelle position: (447 ; 40705; 220)
actualisation: forward -> 3 220	nouvelle position: (450 ; 41365; 220)
actualisation: up -> 6 214	nouvelle position: (450 ; 41365; 214)
actualisation: up -> 4 210	nouvelle position: (450 ; 41365; 210)
actualisation: down -> 9 219	nouvelle position: (450 ; 41365; 219)
actualisation: down -> 8 227	nouvelle position: (450 ; 41365; 227)
actualisation: down -> 3 230	nouvelle position: (450 ; 41365; 230)
actualisation: forward -> 6 230	nouvelle position: (456 ; 42745; 230)
actualisation: forward -> 6 230	nouvelle position: (462 ; 44125; 230)
actualisation: down -> 1 231	nouvelle position: (462 ; 44125; 231)
actualisation: down -> 2 233	nouvelle position: (462 ; 44125; 233)
actualisation: down -> 2 235	nouvelle position: (462 ; 44125; 235)
actualisation: down -> 2 237	nouvelle position: (462 ; 44125; 237)
actualisation: up -> 7 230	nouvelle position: (462 ; 44125; 230)
actualisation: down -> 2 232	nouvelle position: (462 ; 44125; 232)
actualisation: forward -> 9 232	nouvelle position: (471 ; 46213; 232)
actualisation: down -> 3 235	nouvelle position: (471 ; 46213; 235)
actualisation: up -> 5 230	nouvelle position: (471 ; 46213; 230)
actualisation: forward -> 9 230	nouvelle position: (480 ; 48283; 230)
actualisation: up -> 5 225	nouvelle position: (480 ; 48283; 225)
actualisation: forward -> 1 225	nouvelle position: (481 ; 48508; 225)
actualisation: down -> 1 226	nouvelle position: (481 ; 48508; 226)
actualisation: forward -> 7 226	nouvelle position: (488 ; 50090; 226)
actualisation: down -> 8 234	nouvelle position: (488 ; 50090; 234)
actualisation: down -> 9 243	nouvelle position: (488 ; 50090; 243)
actualisation: down -> 1 244	nouvelle position: (488 ; 50090; 244)
actualisation: forward -> 8 244	nouvelle position: (496 ; 52042; 244)
actualisation: up -> 1 243	nouvelle position: (496 ; 52042; 243)
actualisation: forward -> 8 243	nouvelle position: (504 ; 53986; 243)
actualisation: down -> 1 244	nouvelle position: (504 ; 53986; 244)
actualisation: forward -> 9 244	nouvelle position: (513 ; 56182; 244)
actualisation: down -> 8 252	nouvelle position: (513 ; 56182; 252)
actualisation: down -> 2 254	nouvelle position: (513 ; 56182; 254)
actualisation: forward -> 4 254	nouvelle position: (517 ; 57198; 254)
actualisation: up -> 2 252	nouvelle position: (517 ; 57198; 252)
actualisation: down -> 7 259	nouvelle position: (517 ; 57198; 259)
actualisation: forward -> 6 259	nouvelle position: (523 ; 58752; 259)
actualisation: forward -> 6 259	nouvelle position: (529 ; 60306; 259)
actualisation: forward -> 4 259	nouvelle position: (533 ; 61342; 259)
actualisation: up -> 8 251	nouvelle position: (533 ; 61342; 251)
actualisation: up -> 2 249	nouvelle position: (533 ; 61342; 249)
actualisation: down -> 8 257	nouvelle position: (533 ; 61342; 257)
actualisation: up -> 7 250	nouvelle position: (533 ; 61342; 250)
actualisation: forward -> 2 250	nouvelle position: (535 ; 61842; 250)
actualisation: forward -> 6 250	nouvelle position: (541 ; 63342; 250)
actualisation: forward -> 3 250	nouvelle position: (544 ; 64092; 250)
actualisation: up -> 5 245	nouvelle position: (544 ; 64092; 245)
actualisation: forward -> 9 245	nouvelle position: (553 ; 66297; 245)
actualisation: down -> 9 254	nouvelle position: (553 ; 66297; 254)
actualisation: forward -> 6 254	nouvelle position: (559 ; 67821; 254)
actualisation: up -> 2 252	nouvelle position: (559 ; 67821; 252)
actualisation: down -> 6 258	nouvelle position: (559 ; 67821; 258)
actualisation: forward -> 4 258	nouvelle position: (563 ; 68853; 258)
actualisation: forward -> 5 258	nouvelle position: (568 ; 70143; 258)
actualisation: down -> 3 261	nouvelle position: (568 ; 70143; 261)
actualisation: up -> 2 259	nouvelle position: (568 ; 70143; 259)
actualisation: forward -> 3 259	nouvelle position: (571 ; 70920; 259)
actualisation: forward -> 2 259	nouvelle position: (573 ; 71438; 259)
actualisation: up -> 7 252	nouvelle position: (573 ; 71438; 252)
actualisation: down -> 1 253	nouvelle position: (573 ; 71438; 253)
actualisation: up -> 1 252	nouvelle position: (573 ; 71438; 252)
actualisation: up -> 8 244	nouvelle position: (573 ; 71438; 244)
actualisation: down -> 4 248	nouvelle position: (573 ; 71438; 248)
actualisation: forward -> 7 248	nouvelle position: (580 ; 73174; 248)
actualisation: forward -> 2 248	nouvelle position: (582 ; 73670; 248)
actualisation: up -> 2 246	nouvelle position: (582 ; 73670; 246)
actualisation: down -> 4 250	nouvelle position: (582 ; 73670; 250)
actualisation: forward -> 4 250	nouvelle position: (586 ; 74670; 250)
actualisation: forward -> 2 250	nouvelle position: (588 ; 75170; 250)
actualisation: forward -> 2 250	nouvelle position: (590 ; 75670; 250)
actualisation: down -> 8 258	nouvelle position: (590 ; 75670; 258)
actualisation: down -> 2 260	nouvelle position: (590 ; 75670; 260)
actualisation: down -> 2 262	nouvelle position: (590 ; 75670; 262)
actualisation: forward -> 6 262	nouvelle position: (596 ; 77242; 262)
actualisation: up -> 2 260	nouvelle position: (596 ; 77242; 260)
actualisation: up -> 9 251	nouvelle position: (596 ; 77242; 251)
actualisation: down -> 1 252	nouvelle position: (596 ; 77242; 252)
actualisation: down -> 7 259	nouvelle position: (596 ; 77242; 259)
actualisation: forward -> 9 259	nouvelle position: (605 ; 79573; 259)
actualisation: forward -> 4 259	nouvelle position: (609 ; 80609; 259)
actualisation: up -> 8 251	nouvelle position: (609 ; 80609; 251)
actualisation: forward -> 2 251	nouvelle position: (611 ; 81111; 251)
actualisation: forward -> 5 251	nouvelle position: (616 ; 82366; 251)
actualisation: down -> 3 254	nouvelle position: (616 ; 82366; 254)
actualisation: down -> 6 260	nouvelle position: (616 ; 82366; 260)
actualisation: down -> 4 264	nouvelle position: (616 ; 82366; 264)
actualisation: forward -> 7 264	nouvelle position: (623 ; 84214; 264)
actualisation: up -> 1 263	nouvelle position: (623 ; 84214; 263)
actualisation: forward -> 7 263	nouvelle position: (630 ; 86055; 263)
actualisation: down -> 8 271	nouvelle position: (630 ; 86055; 271)
actualisation: up -> 2 269	nouvelle position: (630 ; 86055; 269)
actualisation: down -> 8 277	nouvelle position: (630 ; 86055; 277)
actualisation: forward -> 6 277	nouvelle position: (636 ; 87717; 277)
actualisation: down -> 3 280	nouvelle position: (636 ; 87717; 280)
actualisation: up -> 9 271	nouvelle position: (636 ; 87717; 271)
actualisation: up -> 6 265	nouvelle position: (636 ; 87717; 265)
actualisation: up -> 6 259	nouvelle position: (636 ; 87717; 259)
actualisation: forward -> 5 259	nouvelle position: (641 ; 89012; 259)
actualisation: forward -> 1 259	nouvelle position: (642 ; 89271; 259)
actualisation: forward -> 3 259	nouvelle position: (645 ; 90048; 259)
actualisation: forward -> 3 259	nouvelle position: (648 ; 90825; 259)
actualisation: down -> 7 266	nouvelle position: (648 ; 90825; 266)
actualisation: down -> 3 269	nouvelle position: (648 ; 90825; 269)
actualisation: forward -> 8 269	nouvelle position: (656 ; 92977; 269)
actualisation: forward -> 2 269	nouvelle position: (658 ; 93515; 269)
actualisation: down -> 7 276	nouvelle position: (658 ; 93515; 276)
actualisation: down -> 1 277	nouvelle position: (658 ; 93515; 277)
actualisation: up -> 4 273	nouvelle position: (658 ; 93515; 273)
actualisation: forward -> 2 273	nouvelle position: (660 ; 94061; 273)
actualisation: forward -> 1 273	nouvelle position: (661 ; 94334; 273)
actualisation: up -> 6 267	nouvelle position: (661 ; 94334; 267)
actualisation: forward -> 9 267	nouvelle position: (670 ; 96737; 267)
actualisation: up -> 4 263	nouvelle position: (670 ; 96737; 263)
actualisation: forward -> 5 263	nouvelle position: (675 ; 98052; 263)
actualisation: up -> 4 259	nouvelle position: (675 ; 98052; 259)
actualisation: forward -> 3 259	nouvelle position: (678 ; 98829; 259)
actualisation: down -> 1 260	nouvelle position: (678 ; 98829; 260)
actualisation: forward -> 6 260	nouvelle position: (684 ; 100389; 260)
actualisation: forward -> 2 260	nouvelle position: (686 ; 100909; 260)
actualisation: down -> 3 263	nouvelle position: (686 ; 100909; 263)
actualisation: down -> 7 270	nouvelle position: (686 ; 100909; 270)
actualisation: forward -> 7 270	nouvelle position: (693 ; 102799; 270)
actualisation: down -> 4 274	nouvelle position: (693 ; 102799; 274)
actualisation: forward -> 6 274	nouvelle position: (699 ; 104443; 274)
actualisation: down -> 8 282	nouvelle position: (699 ; 104443; 282)
actualisation: forward -> 5 282	nouvelle position: (704 ; 105853; 282)
actualisation: up -> 9 273	nouvelle position: (704 ; 105853; 273)
actualisation: up -> 9 264	nouvelle position: (704 ; 105853; 264)
actualisation: forward -> 4 264	nouvelle position: (708 ; 106909; 264)
actualisation: forward -> 8 264	nouvelle position: (716 ; 109021; 264)
actualisation: down -> 6 270	nouvelle position: (716 ; 109021; 270)
actualisation: down -> 7 277	nouvelle position: (716 ; 109021; 277)
actualisation: forward -> 1 277	nouvelle position: (717 ; 109298; 277)
actualisation: up -> 4 273	nouvelle position: (717 ; 109298; 273)
actualisation: forward -> 9 273	nouvelle position: (726 ; 111755; 273)
actualisation: forward -> 7 273	nouvelle position: (733 ; 113666; 273)
actualisation: forward -> 2 273	nouvelle position: (735 ; 114212; 273)
actualisation: forward -> 6 273	nouvelle position: (741 ; 115850; 273)
actualisation: up -> 4 269	nouvelle position: (741 ; 115850; 269)
actualisation: forward -> 4 269	nouvelle position: (745 ; 116926; 269)
actualisation: down -> 3 272	nouvelle position: (745 ; 116926; 272)
actualisation: down -> 2 274	nouvelle position: (745 ; 116926; 274)
actualisation: up -> 4 270	nouvelle position: (745 ; 116926; 270)
actualisation: forward -> 4 270	nouvelle position: (749 ; 118006; 270)
actualisation: forward -> 3 270	nouvelle position: (752 ; 118816; 270)
actualisation: up -> 8 262	nouvelle position: (752 ; 118816; 262)
actualisation: forward -> 8 262	nouvelle position: (760 ; 120912; 262)
actualisation: down -> 9 271	nouvelle position: (760 ; 120912; 271)
actualisation: forward -> 4 271	nouvelle position: (764 ; 121996; 271)
actualisation: forward -> 6 271	nouvelle position: (770 ; 123622; 271)
actualisation: forward -> 7 271	nouvelle position: (777 ; 125519; 271)
actualisation: down -> 5 276	nouvelle position: (777 ; 125519; 276)
actualisation: forward -> 6 276	nouvelle position: (783 ; 127175; 276)
actualisation: down -> 3 279	nouvelle position: (783 ; 127175; 279)
actualisation: up -> 2 277	nouvelle position: (783 ; 127175; 277)
actualisation: down -> 4 281	nouvelle position: (783 ; 127175; 281)
actualisation: forward -> 1 281	nouvelle position: (784 ; 127456; 281)
actualisation: up -> 3 278	nouvelle position: (784 ; 127456; 278)
actualisation: forward -> 4 278	nouvelle position: (788 ; 128568; 278)
actualisation: down -> 7 285	nouvelle position: (788 ; 128568; 285)
actualisation: down -> 9 294	nouvelle position: (788 ; 128568; 294)
actualisation: down -> 6 300	nouvelle position: (788 ; 128568; 300)
actualisation: up -> 7 293	nouvelle position: (788 ; 128568; 293)
actualisation: down -> 2 295	nouvelle position: (788 ; 128568; 295)
actualisation: down -> 5 300	nouvelle position: (788 ; 128568; 300)
actualisation: forward -> 7 300	nouvelle position: (795 ; 130668; 300)
actualisation: up -> 6 294	nouvelle position: (795 ; 130668; 294)
actualisation: down -> 2 296	nouvelle position: (795 ; 130668; 296)
actualisation: forward -> 4 296	nouvelle position: (799 ; 131852; 296)
actualisation: down -> 9 305	nouvelle position: (799 ; 131852; 305)
actualisation: up -> 8 297	nouvelle position: (799 ; 131852; 297)
actualisation: forward -> 6 297	nouvelle position: (805 ; 133634; 297)
actualisation: down -> 4 301	nouvelle position: (805 ; 133634; 301)
actualisation: down -> 3 304	nouvelle position: (805 ; 133634; 304)
actualisation: up -> 9 295	nouvelle position: (805 ; 133634; 295)
actualisation: down -> 6 301	nouvelle position: (805 ; 133634; 301)
actualisation: down -> 9 310	nouvelle position: (805 ; 133634; 310)
actualisation: up -> 3 307	nouvelle position: (805 ; 133634; 307)
actualisation: down -> 2 309	nouvelle position: (805 ; 133634; 309)
actualisation: forward -> 3 309	nouvelle position: (808 ; 134561; 309)
actualisation: down -> 1 310	nouvelle position: (808 ; 134561; 310)
actualisation: forward -> 1 310	nouvelle position: (809 ; 134871; 310)
actualisation: forward -> 5 310	nouvelle position: (814 ; 136421; 310)
actualisation: down -> 7 317	nouvelle position: (814 ; 136421; 317)
actualisation: forward -> 2 317	nouvelle position: (816 ; 137055; 317)
actualisation: down -> 8 325	nouvelle position: (816 ; 137055; 325)
actualisation: down -> 8 333	nouvelle position: (816 ; 137055; 333)
actualisation: down -> 7 340	nouvelle position: (816 ; 137055; 340)
actualisation: forward -> 5 340	nouvelle position: (821 ; 138755; 340)
actualisation: forward -> 9 340	nouvelle position: (830 ; 141815; 340)
actualisation: forward -> 9 340	nouvelle position: (839 ; 144875; 340)
actualisation: forward -> 2 340	nouvelle position: (841 ; 145555; 340)
actualisation: up -> 5 335	nouvelle position: (841 ; 145555; 335)
actualisation: down -> 2 337	nouvelle position: (841 ; 145555; 337)
actualisation: forward -> 3 337	nouvelle position: (844 ; 146566; 337)
actualisation: down -> 2 339	nouvelle position: (844 ; 146566; 339)
actualisation: forward -> 9 339	nouvelle position: (853 ; 149617; 339)
actualisation: up -> 1 338	nouvelle position: (853 ; 149617; 338)
actualisation: forward -> 1 338	nouvelle position: (854 ; 149955; 338)
actualisation: up -> 6 332	nouvelle position: (854 ; 149955; 332)
actualisation: down -> 1 333	nouvelle position: (854 ; 149955; 333)
actualisation: forward -> 4 333	nouvelle position: (858 ; 151287; 333)
actualisation: down -> 5 338	nouvelle position: (858 ; 151287; 338)
actualisation: forward -> 2 338	nouvelle position: (860 ; 151963; 338)
actualisation: up -> 7 331	nouvelle position: (860 ; 151963; 331)
actualisation: up -> 4 327	nouvelle position: (860 ; 151963; 327)
actualisation: up -> 3 324	nouvelle position: (860 ; 151963; 324)
actualisation: forward -> 6 324	nouvelle position: (866 ; 153907; 324)
actualisation: down -> 5 329	nouvelle position: (866 ; 153907; 329)
actualisation: forward -> 6 329	nouvelle position: (872 ; 155881; 329)
actualisation: down -> 6 335	nouvelle position: (872 ; 155881; 335)
actualisation: forward -> 6 335	nouvelle position: (878 ; 157891; 335)
actualisation: down -> 2 337	nouvelle position: (878 ; 157891; 337)
actualisation: down -> 8 345	nouvelle position: (878 ; 157891; 345)
actualisation: up -> 9 336	nouvelle position: (878 ; 157891; 336)
actualisation: forward -> 2 336	nouvelle position: (880 ; 158563; 336)
actualisation: down -> 4 340	nouvelle position: (880 ; 158563; 340)
actualisation: forward -> 4 340	nouvelle position: (884 ; 159923; 340)
actualisation: forward -> 9 340	nouvelle position: (893 ; 162983; 340)
actualisation: up -> 9 331	nouvelle position: (893 ; 162983; 331)
actualisation: down -> 4 335	nouvelle position: (893 ; 162983; 335)
actualisation: up -> 7 328	nouvelle position: (893 ; 162983; 328)
actualisation: down -> 6 334	nouvelle position: (893 ; 162983; 334)
actualisation: up -> 2 332	nouvelle position: (893 ; 162983; 332)
actualisation: up -> 7 325	nouvelle position: (893 ; 162983; 325)
actualisation: down -> 5 330	nouvelle position: (893 ; 162983; 330)
actualisation: down -> 6 336	nouvelle position: (893 ; 162983; 336)
actualisation: down -> 8 344	nouvelle position: (893 ; 162983; 344)
actualisation: down -> 1 345	nouvelle position: (893 ; 162983; 345)
actualisation: forward -> 6 345	nouvelle position: (899 ; 165053; 345)
actualisation: forward -> 6 345	nouvelle position: (905 ; 167123; 345)
actualisation: forward -> 7 345	nouvelle position: (912 ; 169538; 345)
actualisation: down -> 3 348	nouvelle position: (912 ; 169538; 348)
actualisation: forward -> 3 348	nouvelle position: (915 ; 170582; 348)
actualisation: forward -> 8 348	nouvelle position: (923 ; 173366; 348)
actualisation: forward -> 1 348	nouvelle position: (924 ; 173714; 348)
actualisation: forward -> 2 348	nouvelle position: (926 ; 174410; 348)
actualisation: down -> 8 356	nouvelle position: (926 ; 174410; 356)
actualisation: forward -> 6 356	nouvelle position: (932 ; 176546; 356)
actualisation: down -> 6 362	nouvelle position: (932 ; 176546; 362)
actualisation: forward -> 8 362	nouvelle position: (940 ; 179442; 362)
actualisation: forward -> 3 362	nouvelle position: (943 ; 180528; 362)
actualisation: forward -> 6 362	nouvelle position: (949 ; 182700; 362)
actualisation: down -> 4 366	nouvelle position: (949 ; 182700; 366)
actualisation: down -> 2 368	nouvelle position: (949 ; 182700; 368)
actualisation: forward -> 4 368	nouvelle position: (953 ; 184172; 368)
actualisation: forward -> 6 368	nouvelle position: (959 ; 186380; 368)
actualisation: forward -> 8 368	nouvelle position: (967 ; 189324; 368)
actualisation: down -> 3 371	nouvelle position: (967 ; 189324; 371)
actualisation: down -> 3 374	nouvelle position: (967 ; 189324; 374)
actualisation: down -> 4 378	nouvelle position: (967 ; 189324; 378)
actualisation: up -> 1 377	nouvelle position: (967 ; 189324; 377)
actualisation: forward -> 3 377	nouvelle position: (970 ; 190455; 377)
actualisation: down -> 2 379	nouvelle position: (970 ; 190455; 379)
actualisation: down -> 3 382	nouvelle position: (970 ; 190455; 382)
actualisation: down -> 9 391	nouvelle position: (970 ; 190455; 391)
actualisation: down -> 3 394	nouvelle position: (970 ; 190455; 394)
actualisation: down -> 8 402	nouvelle position: (970 ; 190455; 402)
actualisation: down -> 1 403	nouvelle position: (970 ; 190455; 403)
actualisation: down -> 6 409	nouvelle position: (970 ; 190455; 409)
actualisation: forward -> 5 409	nouvelle position: (975 ; 192500; 409)
actualisation: down -> 5 414	nouvelle position: (975 ; 192500; 414)
actualisation: down -> 7 421	nouvelle position: (975 ; 192500; 421)
actualisation: up -> 3 418	nouvelle position: (975 ; 192500; 418)
actualisation: forward -> 5 418	nouvelle position: (980 ; 194590; 418)
actualisation: down -> 7 425	nouvelle position: (980 ; 194590; 425)
actualisation: down -> 7 432	nouvelle position: (980 ; 194590; 432)
actualisation: forward -> 6 432	nouvelle position: (986 ; 197182; 432)
actualisation: down -> 6 438	nouvelle position: (986 ; 197182; 438)
actualisation: up -> 6 432	nouvelle position: (986 ; 197182; 432)
actualisation: forward -> 2 432	nouvelle position: (988 ; 198046; 432)
actualisation: up -> 9 423	nouvelle position: (988 ; 198046; 423)
actualisation: down -> 3 426	nouvelle position: (988 ; 198046; 426)
actualisation: forward -> 3 426	nouvelle position: (991 ; 199324; 426)
actualisation: forward -> 4 426	nouvelle position: (995 ; 201028; 426)
actualisation: up -> 6 420	nouvelle position: (995 ; 201028; 420)
actualisation: down -> 7 427	nouvelle position: (995 ; 201028; 427)
actualisation: forward -> 1 427	nouvelle position: (996 ; 201455; 427)
actualisation: up -> 8 419	nouvelle position: (996 ; 201455; 419)
actualisation: forward -> 3 419	nouvelle position: (999 ; 202712; 419)
actualisation: down -> 1 420	nouvelle position: (999 ; 202712; 420)
actualisation: forward -> 6 420	nouvelle position: (1005 ; 205232; 420)
actualisation: forward -> 7 420	nouvelle position: (1012 ; 208172; 420)
actualisation: down -> 5 425	nouvelle position: (1012 ; 208172; 425)
actualisation: down -> 6 431	nouvelle position: (1012 ; 208172; 431)
actualisation: down -> 8 439	nouvelle position: (1012 ; 208172; 439)
actualisation: up -> 6 433	nouvelle position: (1012 ; 208172; 433)
actualisation: down -> 4 437	nouvelle position: (1012 ; 208172; 437)
actualisation: down -> 5 442	nouvelle position: (1012 ; 208172; 442)
actualisation: down -> 1 443	nouvelle position: (1012 ; 208172; 443)
actualisation: up -> 1 442	nouvelle position: (1012 ; 208172; 442)
actualisation: up -> 9 433	nouvelle position: (1012 ; 208172; 433)
actualisation: up -> 4 429	nouvelle position: (1012 ; 208172; 429)
actualisation: forward -> 2 429	nouvelle position: (1014 ; 209030; 429)
actualisation: down -> 5 434	nouvelle position: (1014 ; 209030; 434)
actualisation: down -> 7 441	nouvelle position: (1014 ; 209030; 441)
actualisation: forward -> 5 441	nouvelle position: (1019 ; 211235; 441)
actualisation: forward -> 2 441	nouvelle position: (1021 ; 212117; 441)
actualisation: up -> 1 440	nouvelle position: (1021 ; 212117; 440)
actualisation: down -> 7 447	nouvelle position: (1021 ; 212117; 447)
actualisation: up -> 6 441	nouvelle position: (1021 ; 212117; 441)
actualisation: forward -> 5 441	nouvelle position: (1026 ; 214322; 441)
actualisation: down -> 5 446	nouvelle position: (1026 ; 214322; 446)
actualisation: down -> 9 455	nouvelle position: (1026 ; 214322; 455)
actualisation: up -> 4 451	nouvelle position: (1026 ; 214322; 451)
actualisation: down -> 6 457	nouvelle position: (1026 ; 214322; 457)
actualisation: forward -> 8 457	nouvelle position: (1034 ; 217978; 457)
actualisation: down -> 5 462	nouvelle position: (1034 ; 217978; 462)
actualisation: forward -> 6 462	nouvelle position: (1040 ; 220750; 462)
actualisation: forward -> 1 462	nouvelle position: (1041 ; 221212; 462)
actualisation: forward -> 5 462	nouvelle position: (1046 ; 223522; 462)
actualisation: forward -> 4 462	nouvelle position: (1050 ; 225370; 462)
actualisation: down -> 2 464	nouvelle position: (1050 ; 225370; 464)
actualisation: down -> 7 471	nouvelle position: (1050 ; 225370; 471)
actualisation: up -> 7 464	nouvelle position: (1050 ; 225370; 464)
actualisation: down -> 9 473	nouvelle position: (1050 ; 225370; 473)
actualisation: down -> 7 480	nouvelle position: (1050 ; 225370; 480)
actualisation: up -> 4 476	nouvelle position: (1050 ; 225370; 476)
actualisation: down -> 3 479	nouvelle position: (1050 ; 225370; 479)
actualisation: up -> 9 470	nouvelle position: (1050 ; 225370; 470)
actualisation: forward -> 3 470	nouvelle position: (1053 ; 226780; 470)
actualisation: up -> 1 469	nouvelle position: (1053 ; 226780; 469)
actualisation: up -> 7 462	nouvelle position: (1053 ; 226780; 462)
actualisation: forward -> 4 462	nouvelle position: (1057 ; 228628; 462)
actualisation: forward -> 6 462	nouvelle position: (1063 ; 231400; 462)
actualisation: up -> 2 460	nouvelle position: (1063 ; 231400; 460)
actualisation: forward -> 2 460	nouvelle position: (1065 ; 232320; 460)
actualisation: forward -> 4 460	nouvelle position: (1069 ; 234160; 460)
actualisation: down -> 6 466	nouvelle position: (1069 ; 234160; 466)
actualisation: forward -> 4 466	nouvelle position: (1073 ; 236024; 466)
actualisation: forward -> 6 466	nouvelle position: (1079 ; 238820; 466)
actualisation: forward -> 9 466	nouvelle position: (1088 ; 243014; 466)
actualisation: forward -> 4 466	nouvelle position: (1092 ; 244878; 466)
actualisation: forward -> 8 466	nouvelle position: (1100 ; 248606; 466)
actualisation: up -> 9 457	nouvelle position: (1100 ; 248606; 457)
actualisation: up -> 4 453	nouvelle position: (1100 ; 248606; 453)
actualisation: forward -> 1 453	nouvelle position: (1101 ; 249059; 453)
actualisation: forward -> 3 453	nouvelle position: (1104 ; 250418; 453)
actualisation: down -> 5 458	nouvelle position: (1104 ; 250418; 458)
actualisation: down -> 4 462	nouvelle position: (1104 ; 250418; 462)
actualisation: up -> 6 456	nouvelle position: (1104 ; 250418; 456)
actualisation: up -> 2 454	nouvelle position: (1104 ; 250418; 454)
actualisation: forward -> 9 454	nouvelle position: (1113 ; 254504; 454)
actualisation: up -> 9 445	nouvelle position: (1113 ; 254504; 445)
actualisation: up -> 2 443	nouvelle position: (1113 ; 254504; 443)
actualisation: forward -> 6 443	nouvelle position: (1119 ; 257162; 443)
actualisation: down -> 5 448	nouvelle position: (1119 ; 257162; 448)
actualisation: up -> 7 441	nouvelle position: (1119 ; 257162; 441)
actualisation: forward -> 3 441	nouvelle position: (1122 ; 258485; 441)
actualisation: forward -> 4 441	nouvelle position: (1126 ; 260249; 441)
actualisation: down -> 5 446	nouvelle position: (1126 ; 260249; 446)
actualisation: up -> 8 438	nouvelle position: (1126 ; 260249; 438)
actualisation: forward -> 7 438	nouvelle position: (1133 ; 263315; 438)
actualisation: forward -> 3 438	nouvelle position: (1136 ; 264629; 438)
actualisation: up -> 5 433	nouvelle position: (1136 ; 264629; 433)
actualisation: down -> 7 440	nouvelle position: (1136 ; 264629; 440)
actualisation: down -> 6 446	nouvelle position: (1136 ; 264629; 446)
actualisation: forward -> 9 446	nouvelle position: (1145 ; 268643; 446)
actualisation: up -> 2 444	nouvelle position: (1145 ; 268643; 444)
actualisation: forward -> 5 444	nouvelle position: (1150 ; 270863; 444)
actualisation: down -> 2 446	nouvelle position: (1150 ; 270863; 446)
actualisation: down -> 9 455	nouvelle position: (1150 ; 270863; 455)
actualisation: forward -> 1 455	nouvelle position: (1151 ; 271318; 455)
actualisation: down -> 4 459	nouvelle position: (1151 ; 271318; 459)
actualisation: forward -> 3 459	nouvelle position: (1154 ; 272695; 459)
actualisation: up -> 9 450	nouvelle position: (1154 ; 272695; 450)
actualisation: down -> 2 452	nouvelle position: (1154 ; 272695; 452)
actualisation: up -> 5 447	nouvelle position: (1154 ; 272695; 447)
actualisation: down -> 8 455	nouvelle position: (1154 ; 272695; 455)
actualisation: forward -> 1 455	nouvelle position: (1155 ; 273150; 455)
actualisation: up -> 9 446	nouvelle position: (1155 ; 273150; 446)
actualisation: up -> 7 439	nouvelle position: (1155 ; 273150; 439)
actualisation: up -> 1 438	nouvelle position: (1155 ; 273150; 438)
actualisation: forward -> 7 438	nouvelle position: (1162 ; 276216; 438)
actualisation: forward -> 1 438	nouvelle position: (1163 ; 276654; 438)
actualisation: forward -> 7 438	nouvelle position: (1170 ; 279720; 438)
actualisation: down -> 2 440	nouvelle position: (1170 ; 279720; 440)
actualisation: up -> 6 434	nouvelle position: (1170 ; 279720; 434)
actualisation: forward -> 6 434	nouvelle position: (1176 ; 282324; 434)
actualisation: down -> 1 435	nouvelle position: (1176 ; 282324; 435)
actualisation: forward -> 1 435	nouvelle position: (1177 ; 282759; 435)
actualisation: down -> 7 442	nouvelle position: (1177 ; 282759; 442)
actualisation: down -> 9 451	nouvelle position: (1177 ; 282759; 451)
actualisation: forward -> 9 451	nouvelle position: (1186 ; 286818; 451)
actualisation: up -> 3 448	nouvelle position: (1186 ; 286818; 448)
actualisation: forward -> 3 448	nouvelle position: (1189 ; 288162; 448)
actualisation: down -> 1 449	nouvelle position: (1189 ; 288162; 449)
actualisation: forward -> 1 449	nouvelle position: (1190 ; 288611; 449)
actualisation: forward -> 9 449	nouvelle position: (1199 ; 292652; 449)
actualisation: down -> 7 456	nouvelle position: (1199 ; 292652; 456)
actualisation: forward -> 2 456	nouvelle position: (1201 ; 293564; 456)
actualisation: down -> 7 463	nouvelle position: (1201 ; 293564; 463)
actualisation: forward -> 2 463	nouvelle position: (1203 ; 294490; 463)
actualisation: forward -> 4 463	nouvelle position: (1207 ; 296342; 463)
actualisation: down -> 5 468	nouvelle position: (1207 ; 296342; 468)
actualisation: down -> 5 473	nouvelle position: (1207 ; 296342; 473)
actualisation: forward -> 5 473	nouvelle position: (1212 ; 298707; 473)
actualisation: down -> 9 482	nouvelle position: (1212 ; 298707; 482)
actualisation: down -> 4 486	nouvelle position: (1212 ; 298707; 486)
actualisation: forward -> 3 486	nouvelle position: (1215 ; 300165; 486)
actualisation: down -> 4 490	nouvelle position: (1215 ; 300165; 490)
actualisation: down -> 3 493	nouvelle position: (1215 ; 300165; 493)
actualisation: down -> 3 496	nouvelle position: (1215 ; 300165; 496)
actualisation: down -> 2 498	nouvelle position: (1215 ; 300165; 498)
actualisation: forward -> 1 498	nouvelle position: (1216 ; 300663; 498)
actualisation: up -> 8 490	nouvelle position: (1216 ; 300663; 490)
actualisation: forward -> 1 490	nouvelle position: (1217 ; 301153; 490)
actualisation: forward -> 5 490	nouvelle position: (1222 ; 303603; 490)
actualisation: forward -> 1 490	nouvelle position: (1223 ; 304093; 490)
actualisation: forward -> 2 490	nouvelle position: (1225 ; 305073; 490)
actualisation: forward -> 4 490	nouvelle position: (1229 ; 307033; 490)
actualisation: forward -> 6 490	nouvelle position: (1235 ; 309973; 490)
actualisation: forward -> 8 490	nouvelle position: (1243 ; 313893; 490)
actualisation: forward -> 7 490	nouvelle position: (1250 ; 317323; 490)
actualisation: down -> 5 495	nouvelle position: (1250 ; 317323; 495)
actualisation: up -> 6 489	nouvelle position: (1250 ; 317323; 489)
actualisation: forward -> 8 489	nouvelle position: (1258 ; 321235; 489)
actualisation: down -> 9 498	nouvelle position: (1258 ; 321235; 498)
actualisation: up -> 3 495	nouvelle position: (1258 ; 321235; 495)
actualisation: up -> 2 493	nouvelle position: (1258 ; 321235; 493)
actualisation: down -> 4 497	nouvelle position: (1258 ; 321235; 497)
actualisation: up -> 1 496	nouvelle position: (1258 ; 321235; 496)
actualisation: forward -> 6 496	nouvelle position: (1264 ; 324211; 496)
actualisation: up -> 6 490	nouvelle position: (1264 ; 324211; 490)
actualisation: forward -> 9 490	nouvelle position: (1273 ; 328621; 490)
actualisation: forward -> 3 490	nouvelle position: (1276 ; 330091; 490)
actualisation: down -> 3 493	nouvelle position: (1276 ; 330091; 493)
actualisation: down -> 5 498	nouvelle position: (1276 ; 330091; 498)
actualisation: forward -> 6 498	nouvelle position: (1282 ; 333079; 498)
actualisation: down -> 6 504	nouvelle position: (1282 ; 333079; 504)
actualisation: down -> 4 508	nouvelle position: (1282 ; 333079; 508)
actualisation: up -> 6 502	nouvelle position: (1282 ; 333079; 502)
actualisation: forward -> 4 502	nouvelle position: (1286 ; 335087; 502)
actualisation: up -> 8 494	nouvelle position: (1286 ; 335087; 494)
actualisation: down -> 4 498	nouvelle position: (1286 ; 335087; 498)
actualisation: down -> 8 506	nouvelle position: (1286 ; 335087; 506)
actualisation: down -> 3 509	nouvelle position: (1286 ; 335087; 509)
actualisation: down -> 1 510	nouvelle position: (1286 ; 335087; 510)
actualisation: down -> 6 516	nouvelle position: (1286 ; 335087; 516)
actualisation: down -> 7 523	nouvelle position: (1286 ; 335087; 523)
actualisation: down -> 8 531	nouvelle position: (1286 ; 335087; 531)
actualisation: down -> 2 533	nouvelle position: (1286 ; 335087; 533)
actualisation: down -> 5 538	nouvelle position: (1286 ; 335087; 538)
actualisation: forward -> 4 538	nouvelle position: (1290 ; 337239; 538)
actualisation: forward -> 6 538	nouvelle position: (1296 ; 340467; 538)
actualisation: forward -> 7 538	nouvelle position: (1303 ; 344233; 538)
actualisation: down -> 1 539	nouvelle position: (1303 ; 344233; 539)
actualisation: down -> 5 544	nouvelle position: (1303 ; 344233; 544)
actualisation: forward -> 9 544	nouvelle position: (1312 ; 349129; 544)
actualisation: down -> 6 550	nouvelle position: (1312 ; 349129; 550)
actualisation: forward -> 6 550	nouvelle position: (1318 ; 352429; 550)
actualisation: forward -> 7 550	nouvelle position: (1325 ; 356279; 550)
actualisation: forward -> 4 550	nouvelle position: (1329 ; 358479; 550)
actualisation: forward -> 2 550	nouvelle position: (1331 ; 359579; 550)
actualisation: forward -> 2 550	nouvelle position: (1333 ; 360679; 550)
actualisation: up -> 6 544	nouvelle position: (1333 ; 360679; 544)
actualisation: forward -> 9 544	nouvelle position: (1342 ; 365575; 544)
actualisation: up -> 6 538	nouvelle position: (1342 ; 365575; 538)
actualisation: down -> 1 539	nouvelle position: (1342 ; 365575; 539)
actualisation: forward -> 4 539	nouvelle position: (1346 ; 367731; 539)
actualisation: down -> 2 541	nouvelle position: (1346 ; 367731; 541)
actualisation: up -> 3 538	nouvelle position: (1346 ; 367731; 538)
actualisation: forward -> 5 538	nouvelle position: (1351 ; 370421; 538)
actualisation: up -> 1 537	nouvelle position: (1351 ; 370421; 537)
actualisation: forward -> 4 537	nouvelle position: (1355 ; 372569; 537)
actualisation: forward -> 4 537	nouvelle position: (1359 ; 374717; 537)
actualisation: up -> 4 533	nouvelle position: (1359 ; 374717; 533)
actualisation: down -> 7 540	nouvelle position: (1359 ; 374717; 540)
actualisation: down -> 5 545	nouvelle position: (1359 ; 374717; 545)
actualisation: up -> 4 541	nouvelle position: (1359 ; 374717; 541)
actualisation: forward -> 5 541	nouvelle position: (1364 ; 377422; 541)
actualisation: up -> 8 533	nouvelle position: (1364 ; 377422; 533)
actualisation: up -> 4 529	nouvelle position: (1364 ; 377422; 529)
actualisation: up -> 2 527	nouvelle position: (1364 ; 377422; 527)
actualisation: up -> 8 519	nouvelle position: (1364 ; 377422; 519)
actualisation: forward -> 6 519	nouvelle position: (1370 ; 380536; 519)
actualisation: down -> 9 528	nouvelle position: (1370 ; 380536; 528)
actualisation: down -> 8 536	nouvelle position: (1370 ; 380536; 536)
actualisation: down -> 4 540	nouvelle position: (1370 ; 380536; 540)
actualisation: down -> 4 544	nouvelle position: (1370 ; 380536; 544)
actualisation: up -> 9 535	nouvelle position: (1370 ; 380536; 535)
actualisation: forward -> 4 535	nouvelle position: (1374 ; 382676; 535)
actualisation: forward -> 5 535	nouvelle position: (1379 ; 385351; 535)
actualisation: forward -> 4 535	nouvelle position: (1383 ; 387491; 535)
actualisation: forward -> 9 535	nouvelle position: (1392 ; 392306; 535)
actualisation: down -> 7 542	nouvelle position: (1392 ; 392306; 542)
actualisation: down -> 4 546	nouvelle position: (1392 ; 392306; 546)
actualisation: down -> 3 549	nouvelle position: (1392 ; 392306; 549)
actualisation: down -> 7 556	nouvelle position: (1392 ; 392306; 556)
actualisation: forward -> 3 556	nouvelle position: (1395 ; 393974; 556)
actualisation: forward -> 1 556	nouvelle position: (1396 ; 394530; 556)
actualisation: down -> 1 557	nouvelle position: (1396 ; 394530; 557)
actualisation: forward -> 5 557	nouvelle position: (1401 ; 397315; 557)
actualisation: forward -> 6 557	nouvelle position: (1407 ; 400657; 557)
actualisation: down -> 1 558	nouvelle position: (1407 ; 400657; 558)
actualisation: forward -> 3 558	nouvelle position: (1410 ; 402331; 558)
actualisation: down -> 7 565	nouvelle position: (1410 ; 402331; 565)
actualisation: up -> 4 561	nouvelle position: (1410 ; 402331; 561)
actualisation: forward -> 4 561	nouvelle position: (1414 ; 404575; 561)
actualisation: forward -> 7 561	nouvelle position: (1421 ; 408502; 561)
actualisation: up -> 1 560	nouvelle position: (1421 ; 408502; 560)
actualisation: up -> 9 551	nouvelle position: (1421 ; 408502; 551)
actualisation: down -> 7 558	nouvelle position: (1421 ; 408502; 558)
actualisation: down -> 5 563	nouvelle position: (1421 ; 408502; 563)
actualisation: up -> 8 555	nouvelle position: (1421 ; 408502; 555)
actualisation: forward -> 3 555	nouvelle position: (1424 ; 410167; 555)
actualisation: forward -> 5 555	nouvelle position: (1429 ; 412942; 555)
actualisation: forward -> 3 555	nouvelle position: (1432 ; 414607; 555)
actualisation: down -> 6 561	nouvelle position: (1432 ; 414607; 561)
actualisation: down -> 1 562	nouvelle position: (1432 ; 414607; 562)
actualisation: down -> 9 571	nouvelle position: (1432 ; 414607; 571)
actualisation: up -> 9 562	nouvelle position: (1432 ; 414607; 562)
actualisation: forward -> 5 562	nouvelle position: (1437 ; 417417; 562)
actualisation: down -> 1 563	nouvelle position: (1437 ; 417417; 563)
actualisation: down -> 1 564	nouvelle position: (1437 ; 417417; 564)
actualisation: down -> 8 572	nouvelle position: (1437 ; 417417; 572)
actualisation: forward -> 8 572	nouvelle position: (1445 ; 421993; 572)
actualisation: up -> 2 570	nouvelle position: (1445 ; 421993; 570)
actualisation: down -> 1 571	nouvelle position: (1445 ; 421993; 571)
actualisation: down -> 2 573	nouvelle position: (1445 ; 421993; 573)
actualisation: down -> 6 579	nouvelle position: (1445 ; 421993; 579)
actualisation: down -> 3 582	nouvelle position: (1445 ; 421993; 582)
actualisation: forward -> 7 582	nouvelle position: (1452 ; 426067; 582)
actualisation: forward -> 1 582	nouvelle position: (1453 ; 426649; 582)
actualisation: down -> 4 586	nouvelle position: (1453 ; 426649; 586)
actualisation: up -> 9 577	nouvelle position: (1453 ; 426649; 577)
actualisation: down -> 7 584	nouvelle position: (1453 ; 426649; 584)
actualisation: down -> 6 590	nouvelle position: (1453 ; 426649; 590)
actualisation: down -> 9 599	nouvelle position: (1453 ; 426649; 599)
actualisation: forward -> 5 599	nouvelle position: (1458 ; 429644; 599)
actualisation: forward -> 4 599	nouvelle position: (1462 ; 432040; 599)
actualisation: forward -> 9 599	nouvelle position: (1471 ; 437431; 599)
actualisation: up -> 7 592	nouvelle position: (1471 ; 437431; 592)
actualisation: forward -> 5 592	nouvelle position: (1476 ; 440391; 592)
actualisation: down -> 6 598	nouvelle position: (1476 ; 440391; 598)
actualisation: forward -> 9 598	nouvelle position: (1485 ; 445773; 598)
actualisation: forward -> 2 598	nouvelle position: (1487 ; 446969; 598)
actualisation: forward -> 8 598	nouvelle position: (1495 ; 451753; 598)
actualisation: up -> 9 589	nouvelle position: (1495 ; 451753; 589)
actualisation: forward -> 2 589	nouvelle position: (1497 ; 452931; 589)
actualisation: down -> 8 597	nouvelle position: (1497 ; 452931; 597)
actualisation: up -> 8 589	nouvelle position: (1497 ; 452931; 589)
actualisation: down -> 8 597	nouvelle position: (1497 ; 452931; 597)
actualisation: down -> 8 605	nouvelle position: (1497 ; 452931; 605)
actualisation: forward -> 2 605	nouvelle position: (1499 ; 454141; 605)
actualisation: down -> 1 606	nouvelle position: (1499 ; 454141; 606)
actualisation: forward -> 5 606	nouvelle position: (1504 ; 457171; 606)
actualisation: down -> 4 610	nouvelle position: (1504 ; 457171; 610)
actualisation: up -> 2 608	nouvelle position: (1504 ; 457171; 608)
actualisation: forward -> 8 608	nouvelle position: (1512 ; 462035; 608)
actualisation: up -> 4 604	nouvelle position: (1512 ; 462035; 604)
actualisation: up -> 8 596	nouvelle position: (1512 ; 462035; 596)
actualisation: forward -> 4 596	nouvelle position: (1516 ; 464419; 596)
actualisation: forward -> 6 596	nouvelle position: (1522 ; 467995; 596)
actualisation: forward -> 6 596	nouvelle position: (1528 ; 471571; 596)
actualisation: forward -> 3 596	nouvelle position: (1531 ; 473359; 596)
actualisation: forward -> 5 596	nouvelle position: (1536 ; 476339; 596)
actualisation: forward -> 4 596	nouvelle position: (1540 ; 478723; 596)
actualisation: down -> 6 602	nouvelle position: (1540 ; 478723; 602)
actualisation: up -> 6 596	nouvelle position: (1540 ; 478723; 596)
actualisation: forward -> 7 596	nouvelle position: (1547 ; 482895; 596)
actualisation: up -> 3 593	nouvelle position: (1547 ; 482895; 593)
actualisation: down -> 1 594	nouvelle position: (1547 ; 482895; 594)
actualisation: down -> 1 595	nouvelle position: (1547 ; 482895; 595)
actualisation: down -> 9 604	nouvelle position: (1547 ; 482895; 604)
actualisation: forward -> 6 604	nouvelle position: (1553 ; 486519; 604)
actualisation: down -> 9 613	nouvelle position: (1553 ; 486519; 613)
actualisation: forward -> 2 613	nouvelle position: (1555 ; 487745; 613)
actualisation: down -> 7 620	nouvelle position: (1555 ; 487745; 620)
actualisation: down -> 2 622	nouvelle position: (1555 ; 487745; 622)
actualisation: down -> 5 627	nouvelle position: (1555 ; 487745; 627)
actualisation: forward -> 3 627	nouvelle position: (1558 ; 489626; 627)
actualisation: down -> 4 631	nouvelle position: (1558 ; 489626; 631)
actualisation: down -> 8 639	nouvelle position: (1558 ; 489626; 639)
actualisation: down -> 3 642	nouvelle position: (1558 ; 489626; 642)
actualisation: forward -> 6 642	nouvelle position: (1564 ; 493478; 642)
actualisation: up -> 9 633	nouvelle position: (1564 ; 493478; 633)
actualisation: forward -> 1 633	nouvelle position: (1565 ; 494111; 633)
actualisation: forward -> 4 633	nouvelle position: (1569 ; 496643; 633)
actualisation: forward -> 8 633	nouvelle position: (1577 ; 501707; 633)
actualisation: up -> 9 624	nouvelle position: (1577 ; 501707; 624)
actualisation: down -> 5 629	nouvelle position: (1577 ; 501707; 629)
actualisation: up -> 5 624	nouvelle position: (1577 ; 501707; 624)
actualisation: up -> 9 615	nouvelle position: (1577 ; 501707; 615)
actualisation: forward -> 6 615	nouvelle position: (1583 ; 505397; 615)
actualisation: up -> 2 613	nouvelle position: (1583 ; 505397; 613)
actualisation: forward -> 7 613	nouvelle position: (1590 ; 509688; 613)
actualisation: up -> 5 608	nouvelle position: (1590 ; 509688; 608)
actualisation: forward -> 8 608	nouvelle position: (1598 ; 514552; 608)
actualisation: forward -> 6 608	nouvelle position: (1604 ; 518200; 608)
actualisation: down -> 2 610	nouvelle position: (1604 ; 518200; 610)
actualisation: down -> 7 617	nouvelle position: (1604 ; 518200; 617)
actualisation: up -> 8 609	nouvelle position: (1604 ; 518200; 609)
actualisation: up -> 3 606	nouvelle position: (1604 ; 518200; 606)
actualisation: forward -> 4 606	nouvelle position: (1608 ; 520624; 606)
actualisation: forward -> 1 606	nouvelle position: (1609 ; 521230; 606)
actualisation: down -> 8 614	nouvelle position: (1609 ; 521230; 614)
actualisation: down -> 4 618	nouvelle position: (1609 ; 521230; 618)
actualisation: forward -> 6 618	nouvelle position: (1615 ; 524938; 618)
actualisation: forward -> 6 618	nouvelle position: (1621 ; 528646; 618)
actualisation: up -> 6 612	nouvelle position: (1621 ; 528646; 612)
actualisation: up -> 3 609	nouvelle position: (1621 ; 528646; 609)
actualisation: up -> 7 602	nouvelle position: (1621 ; 528646; 602)
actualisation: forward -> 6 602	nouvelle position: (1627 ; 532258; 602)
actualisation: up -> 2 600	nouvelle position: (1627 ; 532258; 600)
actualisation: down -> 8 608	nouvelle position: (1627 ; 532258; 608)
actualisation: forward -> 1 608	nouvelle position: (1628 ; 532866; 608)
actualisation: forward -> 3 608	nouvelle position: (1631 ; 534690; 608)
actualisation: down -> 3 611	nouvelle position: (1631 ; 534690; 611)
actualisation: forward -> 8 611	nouvelle position: (1639 ; 539578; 611)
actualisation: forward -> 5 611	nouvelle position: (1644 ; 542633; 611)
actualisation: forward -> 3 611	nouvelle position: (1647 ; 544466; 611)
actualisation: forward -> 9 611	nouvelle position: (1656 ; 549965; 611)
actualisation: down -> 6 617	nouvelle position: (1656 ; 549965; 617)
actualisation: forward -> 9 617	nouvelle position: (1665 ; 555518; 617)
actualisation: up -> 7 610	nouvelle position: (1665 ; 555518; 610)
actualisation: down -> 3 613	nouvelle position: (1665 ; 555518; 613)
actualisation: down -> 8 621	nouvelle position: (1665 ; 555518; 621)
actualisation: forward -> 4 621	nouvelle position: (1669 ; 558002; 621)
actualisation: down -> 9 630	nouvelle position: (1669 ; 558002; 630)
actualisation: up -> 8 622	nouvelle position: (1669 ; 558002; 622)
actualisation: up -> 1 621	nouvelle position: (1669 ; 558002; 621)
actualisation: forward -> 2 621	nouvelle position: (1671 ; 559244; 621)
actualisation: down -> 2 623	nouvelle position: (1671 ; 559244; 623)
actualisation: forward -> 1 623	nouvelle position: (1672 ; 559867; 623)
actualisation: down -> 8 631	nouvelle position: (1672 ; 559867; 631)
actualisation: forward -> 7 631	nouvelle position: (1679 ; 564284; 631)
actualisation: up -> 4 627	nouvelle position: (1679 ; 564284; 627)
actualisation: down -> 1 628	nouvelle position: (1679 ; 564284; 628)
actualisation: forward -> 8 628	nouvelle position: (1687 ; 569308; 628)
actualisation: down -> 2 630	nouvelle position: (1687 ; 569308; 630)
actualisation: forward -> 3 630	nouvelle position: (1690 ; 571198; 630)
actualisation: forward -> 9 630	nouvelle position: (1699 ; 576868; 630)
actualisation: down -> 7 637	nouvelle position: (1699 ; 576868; 637)
actualisation: up -> 4 633	nouvelle position: (1699 ; 576868; 633)
actualisation: up -> 2 631	nouvelle position: (1699 ; 576868; 631)
actualisation: forward -> 1 631	nouvelle position: (1700 ; 577499; 631)
actualisation: down -> 2 633	nouvelle position: (1700 ; 577499; 633)
actualisation: up -> 8 625	nouvelle position: (1700 ; 577499; 625)
actualisation: forward -> 4 625	nouvelle position: (1704 ; 579999; 625)
actualisation: down -> 1 626	nouvelle position: (1704 ; 579999; 626)
actualisation: forward -> 5 626	nouvelle position: (1709 ; 583129; 626)
actualisation: forward -> 1 626	nouvelle position: (1710 ; 583755; 626)
actualisation: down -> 5 631	nouvelle position: (1710 ; 583755; 631)
actualisation: forward -> 1 631	nouvelle position: (1711 ; 584386; 631)
actualisation: up -> 2 629	nouvelle position: (1711 ; 584386; 629)
actualisation: forward -> 6 629	nouvelle position: (1717 ; 588160; 629)
actualisation: down -> 5 634	nouvelle position: (1717 ; 588160; 634)
actualisation: down -> 8 642	nouvelle position: (1717 ; 588160; 642)
actualisation: down -> 3 645	nouvelle position: (1717 ; 588160; 645)
actualisation: down -> 2 647	nouvelle position: (1717 ; 588160; 647)
actualisation: forward -> 1 647	nouvelle position: (1718 ; 588807; 647)
actualisation: forward -> 5 647	nouvelle position: (1723 ; 592042; 647)
actualisation: down -> 8 655	nouvelle position: (1723 ; 592042; 655)
actualisation: down -> 1 656	nouvelle position: (1723 ; 592042; 656)
actualisation: forward -> 5 656	nouvelle position: (1728 ; 595322; 656)
actualisation: down -> 7 663	nouvelle position: (1728 ; 595322; 663)
actualisation: down -> 4 667	nouvelle position: (1728 ; 595322; 667)
actualisation: forward -> 5 667	nouvelle position: (1733 ; 598657; 667)
actualisation: down -> 1 668	nouvelle position: (1733 ; 598657; 668)
actualisation: down -> 1 669	nouvelle position: (1733 ; 598657; 669)
actualisation: forward -> 9 669	nouvelle position: (1742 ; 604678; 669)
actualisation: down -> 7 676	nouvelle position: (1742 ; 604678; 676)
actualisation: up -> 9 667	nouvelle position: (1742 ; 604678; 667)
actualisation: down -> 6 673	nouvelle position: (1742 ; 604678; 673)
actualisation: forward -> 4 673	nouvelle position: (1746 ; 607370; 673)
actualisation: up -> 8 665	nouvelle position: (1746 ; 607370; 665)
actualisation: forward -> 6 665	nouvelle position: (1752 ; 611360; 665)
actualisation: forward -> 1 665	nouvelle position: (1753 ; 612025; 665)
actualisation: up -> 6 659	nouvelle position: (1753 ; 612025; 659)
actualisation: forward -> 3 659	nouvelle position: (1756 ; 614002; 659)
actualisation: down -> 3 662	nouvelle position: (1756 ; 614002; 662)
actualisation: up -> 6 656	nouvelle position: (1756 ; 614002; 656)
actualisation: forward -> 2 656	nouvelle position: (1758 ; 615314; 656)
actualisation: down -> 2 658	nouvelle position: (1758 ; 615314; 658)
actualisation: forward -> 3 658	nouvelle position: (1761 ; 617288; 658)
actualisation: down -> 2 660	nouvelle position: (1761 ; 617288; 660)
actualisation: up -> 4 656	nouvelle position: (1761 ; 617288; 656)
actualisation: down -> 6 662	nouvelle position: (1761 ; 617288; 662)
actualisation: forward -> 4 662	nouvelle position: (1765 ; 619936; 662)
actualisation: down -> 6 668	nouvelle position: (1765 ; 619936; 668)
actualisation: down -> 4 672	nouvelle position: (1765 ; 619936; 672)
actualisation: up -> 2 670	nouvelle position: (1765 ; 619936; 670)
actualisation: down -> 2 672	nouvelle position: (1765 ; 619936; 672)
actualisation: up -> 5 667	nouvelle position: (1765 ; 619936; 667)
actualisation: up -> 2 665	nouvelle position: (1765 ; 619936; 665)
actualisation: down -> 9 674	nouvelle position: (1765 ; 619936; 674)
actualisation: down -> 5 679	nouvelle position: (1765 ; 619936; 679)
actualisation: forward -> 1 679	nouvelle position: (1766 ; 620615; 679)
actualisation: down -> 6 685	nouvelle position: (1766 ; 620615; 685)
actualisation: forward -> 4 685	nouvelle position: (1770 ; 623355; 685)
actualisation: forward -> 9 685	nouvelle position: (1779 ; 629520; 685)
actualisation: down -> 1 686	nouvelle position: (1779 ; 629520; 686)
actualisation: down -> 9 695	nouvelle position: (1779 ; 629520; 695)
actualisation: forward -> 3 695	nouvelle position: (1782 ; 631605; 695)
actualisation: forward -> 8 695	nouvelle position: (1790 ; 637165; 695)
actualisation: forward -> 9 695	nouvelle position: (1799 ; 643420; 695)
actualisation: down -> 4 699	nouvelle position: (1799 ; 643420; 699)
actualisation: down -> 1 700	nouvelle position: (1799 ; 643420; 700)
actualisation: up -> 1 699	nouvelle position: (1799 ; 643420; 699)
actualisation: up -> 7 692	nouvelle position: (1799 ; 643420; 692)
actualisation: down -> 5 697	nouvelle position: (1799 ; 643420; 697)
actualisation: down -> 3 700	nouvelle position: (1799 ; 643420; 700)
actualisation: down -> 2 702	nouvelle position: (1799 ; 643420; 702)
actualisation: down -> 8 710	nouvelle position: (1799 ; 643420; 710)
actualisation: forward -> 5 710	nouvelle position: (1804 ; 646970; 710)
actualisation: up -> 1 709	nouvelle position: (1804 ; 646970; 709)
actualisation: down -> 4 713	nouvelle position: (1804 ; 646970; 713)
actualisation: down -> 8 721	nouvelle position: (1804 ; 646970; 721)
actualisation: down -> 8 729	nouvelle position: (1804 ; 646970; 729)
actualisation: forward -> 1 729	nouvelle position: (1805 ; 647699; 729)
actualisation: down -> 5 734	nouvelle position: (1805 ; 647699; 734)
actualisation: forward -> 7 734	nouvelle position: (1812 ; 652837; 734)
actualisation: forward -> 9 734	nouvelle position: (1821 ; 659443; 734)
actualisation: forward -> 5 734	nouvelle position: (1826 ; 663113; 734)
actualisation: forward -> 2 734	nouvelle position: (1828 ; 664581; 734)
actualisation: down -> 9 743	nouvelle position: (1828 ; 664581; 743)
actualisation: up -> 1 742	nouvelle position: (1828 ; 664581; 742)
actualisation: down -> 6 748	nouvelle position: (1828 ; 664581; 748)
actualisation: down -> 5 753	nouvelle position: (1828 ; 664581; 753)
actualisation: forward -> 4 753	nouvelle position: (1832 ; 667593; 753)
actualisation: forward -> 3 753	nouvelle position: (1835 ; 669852; 753)
actualisation: down -> 4 757	nouvelle position: (1835 ; 669852; 757)
actualisation: down -> 3 760	nouvelle position: (1835 ; 669852; 760)
actualisation: down -> 8 768	nouvelle position: (1835 ; 669852; 768)
actualisation: forward -> 6 768	nouvelle position: (1841 ; 674460; 768)
actualisation: down -> 2 770	nouvelle position: (1841 ; 674460; 770)
actualisation: forward -> 7 770	nouvelle position: (1848 ; 679850; 770)
actualisation: down -> 7 777	nouvelle position: (1848 ; 679850; 777)
actualisation: forward -> 8 777	nouvelle position: (1856 ; 686066; 777)
actualisation: forward -> 1 777	nouvelle position: (1857 ; 686843; 777)
actualisation: forward -> 7 777	nouvelle position: (1864 ; 692282; 777)
actualisation: forward -> 8 777	nouvelle position: (1872 ; 698498; 777)
actualisation: forward -> 6 777	nouvelle position: (1878 ; 703160; 777)

dernire position: (1878 ; 703160; 777) rponse au problme: 1320534480